<TICKER>;<PER>;<DATE>;<TIME>;<OPEN>;<HIGH>;<LOW>;<CLOSE>;<VOL>
SBER;60;15/03/24;100000;295.75;297.51;295.29;296.76;4999740
SBER;60;15/03/24;110000;296.76;296.8;296.42;296.77;1337480
SBER;60;15/03/24;120000;296.78;297.48;296.74;297.09;1520810
SBER;60;15/03/24;130000;297.1;297.9;297.05;297.89;1842330
SBER;60;15/03/24;140000;297.85;299.44;297.8;299.16;5309240
SBER;60;15/03/24;150000;299.16;299.44;298.8;298.85;2432380
SBER;60;15/03/24;160000;298.86;299;298.5;298.86;1369240
SBER;60;15/03/24;170000;298.85;299.3;298.61;299.26;1890510
SBER;60;15/03/24;180000;299.27;299.27;298.6;298.6;1661340
SBER;60;15/03/24;190000;298.61;298.93;298.5;298.51;608930
SBER;60;15/03/24;200000;298.51;298.68;298.2;298.61;950310
SBER;60;15/03/24;210000;298.63;298.76;298.45;298.5;497690
SBER;60;15/03/24;220000;298.5;298.58;298.1;298.4;760710
SBER;60;15/03/24;230000;298.39;298.59;298.09;298.3;822040
SBER;60;18/03/24;100000;299.41;299.98;297.63;298.88;6373880
SBER;60;18/03/24;110000;298.86;298.89;298.05;298.33;1626420
SBER;60;18/03/24;120000;298.32;299.3;298.31;298.96;1477310
SBER;60;18/03/24;130000;298.97;299.3;298.89;299.18;938240
SBER;60;18/03/24;140000;299.18;299.83;299.09;299.7;1804630
SBER;60;18/03/24;150000;299.7;299.8;299.33;299.39;1290710
SBER;60;18/03/24;160000;299.39;299.76;299.27;299.46;1056730
SBER;60;18/03/24;170000;299.46;299.95;299.42;299.59;2225960
SBER;60;18/03/24;180000;299.6;299.8;299.04;299.11;1259120
SBER;60;18/03/24;190000;299;299.61;299;299.3;624680
SBER;60;18/03/24;200000;299.3;299.3;298.82;298.94;698720
SBER;60;18/03/24;210000;298.89;299.18;298.89;299.05;350140
SBER;60;18/03/24;220000;299.03;299.2;299.02;299.19;254870
SBER;60;18/03/24;230000;299.19;299.2;298.87;298.87;232540
SBER;60;19/03/24;100000;298.3;299.14;298.1;298.6;3153920
SBER;60;19/03/24;110000;298.6;299.4;298.55;299.28;2263910
SBER;60;19/03/24;120000;299.27;299.3;298.84;298.9;1227650
SBER;60;19/03/24;130000;298.9;299.09;298.71;298.99;858710
SBER;60;19/03/24;140000;298.99;299.09;296.58;297.21;7007000
SBER;60;19/03/24;150000;297.24;297.51;295.51;296.74;16224320
SBER;60;19/03/24;160000;296.74;297.33;296.54;296.63;5157370
SBER;60;19/03/24;170000;296.63;296.92;294.21;294.66;11790910
SBER;60;19/03/24;180000;294.66;295.89;294.61;295.7;5530140
SBER;60;19/03/24;190000;295.69;296.53;295.41;296.15;2570820
SBER;60;19/03/24;200000;296.12;296.33;295.68;295.68;882650
SBER;60;19/03/24;210000;295.69;295.77;295.3;295.38;741990
SBER;60;19/03/24;220000;295.4;295.72;295;295.15;1436570
SBER;60;19/03/24;230000;295.15;295.27;294.99;295.2;800730
SBER;60;20/03/24;100000;295.4;296.68;294.99;296.5;6096540
SBER;60;20/03/24;110000;296.5;296.88;295.83;295.94;4049260
SBER;60;20/03/24;120000;295.94;296.23;295.5;295.8;1919240
SBER;60;20/03/24;130000;295.81;296.15;295.43;295.56;2080950
SBER;60;20/03/24;140000;295.56;295.69;294.3;295.1;4082470
SBER;60;20/03/24;150000;295.1;295.1;293.52;294.7;4164340
SBER;60;20/03/24;160000;294.7;295.87;294.6;295.75;2420720
SBER;60;20/03/24;170000;295.74;295.82;294.49;295.71;1677190
SBER;60;20/03/24;180000;295.71;295.83;295;295;1324810
SBER;60;20/03/24;190000;294.56;295.37;294.56;295.3;726970
SBER;60;20/03/24;200000;295.31;295.48;295.15;295.47;389340
SBER;60;20/03/24;210000;295.47;295.6;295.23;295.43;470080
SBER;60;20/03/24;220000;295.44;295.45;294.9;295.07;725300
SBER;60;20/03/24;230000;295.02;295.64;295.01;295.4;519440
SBER;60;21/03/24;100000;295.95;297.3;295.39;296.8;5314880
SBER;60;21/03/24;110000;296.81;297;296.55;296.88;2172800
SBER;60;21/03/24;120000;296.86;297.12;296.3;296.49;1954000
SBER;60;21/03/24;130000;296.49;296.5;295.87;295.93;2527570
SBER;60;21/03/24;140000;295.93;296.02;294.1;294.49;6930710
SBER;60;21/03/24;150000;294.5;294.6;292.57;293.61;15498780
SBER;60;21/03/24;160000;293.6;293.71;292.29;292.32;9899130
SBER;60;21/03/24;170000;292.33;295.2;291.8;295;12703800
SBER;60;21/03/24;180000;295;296.3;295;295.99;9739460
SBER;60;21/03/24;190000;295.98;296.77;295.43;296.71;1467180
SBER;60;21/03/24;200000;296.71;296.75;295.67;295.99;1137310
SBER;60;21/03/24;210000;295.97;296.1;295.31;295.35;607440
SBER;60;21/03/24;220000;295.33;295.9;295.14;295.84;424360
SBER;60;21/03/24;230000;295.83;295.83;295.61;295.62;204140
SBER;60;22/03/24;100000;295.77;296.6;295.01;296.04;3805000
SBER;60;22/03/24;110000;296.04;296.06;295.26;295.44;2313730
SBER;60;22/03/24;120000;295.44;296.03;295.39;295.85;1469340
SBER;60;22/03/24;130000;295.85;296.79;294.66;296.36;5563040
SBER;60;22/03/24;140000;296.35;296.49;295.74;296.14;2155330
SBER;60;22/03/24;150000;296.15;296.4;295.72;296.2;2268890
SBER;60;22/03/24;160000;296.2;296.26;295.79;295.87;1804160
SBER;60;22/03/24;170000;295.91;295.98;294.5;295.14;3639720
SBER;60;22/03/24;180000;295.12;295.44;294.79;295.44;1134940
SBER;60;22/03/24;190000;295.26;295.32;294.78;295.07;583570
SBER;60;22/03/24;200000;295.07;295.1;292.5;293.03;5041360
SBER;60;22/03/24;210000;293.01;294.5;291.05;292.72;11052780
SBER;60;22/03/24;220000;292.72;293.31;292;292.48;5216040
SBER;60;22/03/24;230000;292.47;293.03;292.01;292.99;2918460
SBER;60;25/03/24;100000;294;294.93;293.23;293.71;5353830
SBER;60;25/03/24;110000;293.72;293.98;293.01;293.21;2550120
SBER;60;25/03/24;120000;293.21;293.21;292.13;292.5;3604330
SBER;60;25/03/24;130000;292.49;293.57;292.2;293.12;2380190
SBER;60;25/03/24;140000;293.12;293.5;293.01;293.38;982450
SBER;60;25/03/24;150000;293.39;293.49;292.6;293.39;1509270
SBER;60;25/03/24;160000;293.39;294.28;293.25;294.14;3121610
SBER;60;25/03/24;170000;294.13;294.77;293.83;294.74;2070450
SBER;60;25/03/24;180000;294.74;294.79;294.16;294.3;1336880
SBER;60;25/03/24;190000;294.1;294.47;293.6;294.2;837630
SBER;60;25/03/24;200000;294.21;294.21;293.64;293.82;395470
SBER;60;25/03/24;210000;293.81;294.2;293.73;294.1;502310
SBER;60;25/03/24;220000;294.12;294.12;293.77;293.95;432190
SBER;60;25/03/24;230000;293.95;293.95;293.65;293.9;373180
SBER;60;26/03/24;100000;294.44;295.82;293.9;295.1;3986340
SBER;60;26/03/24;110000;295.1;295.4;294.51;295.19;1458880
SBER;60;26/03/24;120000;295.18;295.19;294.86;294.87;592430
SBER;60;26/03/24;130000;294.87;295.14;293.6;293.99;2030240
SBER;60;26/03/24;140000;293.99;294.27;293.79;293.8;1513470
SBER;60;26/03/24;150000;293.8;293.99;293.04;293.59;2063840
SBER;60;26/03/24;160000;293.57;293.98;293.27;293.33;743810
SBER;60;26/03/24;170000;293.33;293.73;293.09;293.55;1045750
SBER;60;26/03/24;180000;293.55;293.84;293.15;293.84;1187390
SBER;60;26/03/24;190000;293.9;294.45;293.57;294.04;791840
SBER;60;26/03/24;200000;294.04;294.18;293.9;294.03;254910
SBER;60;26/03/24;210000;294.03;294.06;293.87;294.05;150930
SBER;60;26/03/24;220000;294.05;294.05;293.95;294.02;190620
SBER;60;26/03/24;230000;294;294.2;293.93;294.11;257970
SBER;60;27/03/24;100000;294.45;295.07;294.14;294.71;2762660
SBER;60;27/03/24;110000;294.71;294.95;294.11;294.14;1107300
SBER;60;27/03/24;120000;294.14;294.15;293.7;294.09;1685140
SBER;60;27/03/24;130000;294.08;294.09;293.7;293.7;1043720
SBER;60;27/03/24;140000;293.74;294.26;293.47;293.91;1040090
SBER;60;27/03/24;150000;293.91;294.14;293.65;294.12;565820
SBER;60;27/03/24;160000;294.11;294.4;293.82;294.29;958410
SBER;60;27/03/24;170000;294.28;294.76;294.23;294.47;1817040
SBER;60;27/03/24;180000;294.46;294.93;294.46;294.92;1269640
SBER;60;27/03/24;190000;294.63;294.92;294.5;294.78;751000
SBER;60;27/03/24;200000;294.77;294.87;294.5;294.65;425430
SBER;60;27/03/24;210000;294.65;294.75;294.56;294.71;256290
SBER;60;27/03/24;220000;294.71;294.94;294.67;294.9;317740
SBER;60;27/03/24;230000;294.89;295.11;294.89;295.1;531440
SBER;60;28/03/24;100000;295.51;298.21;295.51;297.5;10019240
SBER;60;28/03/24;110000;297.51;298.06;296.91;297.94;3082750
SBER;60;28/03/24;120000;297.94;299.3;297.71;298.39;6536590
SBER;60;28/03/24;130000;298.39;298.4;297.25;297.9;2853320
SBER;60;28/03/24;140000;297.94;298.5;297.62;298.16;1279850
SBER;60;28/03/24;150000;298.2;298.8;297.91;297.92;1511920
SBER;60;28/03/24;160000;297.94;298.99;297.91;298.75;2165590
SBER;60;28/03/24;170000;298.75;298.98;298.4;298.58;1583260
SBER;60;28/03/24;180000;298.58;298.79;298.21;298.69;1495980
SBER;60;28/03/24;190000;298.69;299.2;298.67;298.95;1023130
SBER;60;28/03/24;200000;298.96;299.22;298.86;298.99;813510
SBER;60;28/03/24;210000;299;299.05;298.7;298.7;402740
SBER;60;28/03/24;220000;298.7;299.02;298.59;298.92;430170
SBER;60;28/03/24;230000;298.91;299;298.86;299;419390
SBER;60;29/03/24;100000;299.37;299.5;298;298.56;4517880
SBER;60;29/03/24;110000;298.56;298.75;298.37;298.66;1078670
SBER;60;29/03/24;120000;298.66;298.95;298.42;298.7;1231980
SBER;60;29/03/24;130000;298.7;299.15;298.68;298.99;1729660
SBER;60;29/03/24;140000;298.99;299;298.25;298.45;1966390
SBER;60;29/03/24;150000;298.45;298.5;298.14;298.38;1383920
SBER;60;29/03/24;160000;298.38;299;298.38;298.7;1246660
SBER;60;29/03/24;170000;298.7;298.96;298.63;298.96;914270
SBER;60;29/03/24;180000;298.95;298.97;298.4;298.9;1074440
SBER;60;29/03/24;190000;298.89;299.17;298.51;298.87;622470
SBER;60;29/03/24;200000;298.87;298.9;298.68;298.8;369980
SBER;60;29/03/24;210000;298.81;298.95;298.75;298.88;485160
SBER;60;29/03/24;220000;298.87;298.91;298.8;298.88;368950
SBER;60;29/03/24;230000;298.88;298.94;298.66;298.72;653760
SBER;60;01/04/24;100000;299.99;301.44;299.5;300.84;10379440
SBER;60;01/04/24;110000;300.84;301.1;300.6;300.86;1955510
SBER;60;01/04/24;120000;300.86;301.65;300.81;301.14;3089900
SBER;60;01/04/24;130000;301.13;301.13;300.08;300.12;2598540
SBER;60;01/04/24;140000;300.12;300.38;300;300.05;1949730
SBER;60;01/04/24;150000;300.05;300.59;300;300.55;1276790
SBER;60;01/04/24;160000;300.55;300.55;299.7;300.37;1606000
SBER;60;01/04/24;170000;300.38;300.39;299.53;300.17;1940400
SBER;60;01/04/24;180000;300.17;300.23;299.55;299.76;1202910
SBER;60;01/04/24;190000;299.62;300.1;299.59;300.02;633870
SBER;60;01/04/24;200000;300.02;300.32;300;300.23;545780
SBER;60;01/04/24;210000;300.23;300.24;299.99;300.06;221020
SBER;60;01/04/24;220000;300.04;300.29;299.99;300.26;430870
SBER;60;01/04/24;230000;300.26;300.5;300.02;300.43;547530
SBER;60;02/04/24;100000;300.42;300.6;299.17;299.73;4988920
SBER;60;02/04/24;110000;299.7;299.9;298.95;299.46;2219590
SBER;60;02/04/24;120000;299.44;299.84;299.25;299.8;980910
SBER;60;02/04/24;130000;299.8;299.9;299.3;299.9;1485610
SBER;60;02/04/24;140000;299.9;300.51;299.78;300.42;1886500
SBER;60;02/04/24;150000;300.43;300.66;300.4;300.66;1079350
SBER;60;02/04/24;160000;300.66;300.99;300.55;300.62;1991100
SBER;60;02/04/24;170000;300.63;300.98;300.6;300.71;1482020
SBER;60;02/04/24;180000;300.71;300.9;300.55;300.55;891940
SBER;60;02/04/24;190000;300.9;300.9;299.8;300.19;1563690
SBER;60;02/04/24;200000;300.16;300.26;299.8;300.15;518620
SBER;60;02/04/24;210000;300.14;300.38;300.03;300.37;256010
SBER;60;02/04/24;220000;300.36;300.42;300.24;300.35;291550
SBER;60;02/04/24;230000;300.35;300.42;300.2;300.38;264980
SBER;60;03/04/24;100000;300.39;301.94;300.17;301.84;4211290
SBER;60;03/04/24;110000;301.83;302.7;301.6;302.17;5462310
SBER;60;03/04/24;120000;302.17;302.6;302.16;302.39;1992270
SBER;60;03/04/24;130000;302.39;302.44;302.26;302.44;1147650
SBER;60;03/04/24;140000;302.44;303.13;302.42;302.6;4039990
SBER;60;03/04/24;150000;302.6;302.76;302.01;302.7;2635160
SBER;60;03/04/24;160000;302.7;305;302.62;304.98;9403070
SBER;60;03/04/24;170000;304.95;307.13;304.8;306.83;18645100
SBER;60;03/04/24;180000;306.84;306.89;306.01;306.2;4319620
SBER;60;03/04/24;190000;306.2;306.69;305.78;306.31;2014290
SBER;60;03/04/24;200000;306.3;306.4;306.03;306.36;945910
SBER;60;03/04/24;210000;306.36;306.8;306.29;306.65;1526340
SBER;60;03/04/24;220000;306.65;306.84;306.51;306.83;830670
SBER;60;03/04/24;230000;306.84;307;306.62;306.72;1036720
SBER;60;04/04/24;100000;306.8;307.77;305.01;305.62;10471750
SBER;60;04/04/24;110000;305.63;306.32;305.5;306.12;2894920
SBER;60;04/04/24;120000;306.12;306.21;305.41;305.88;2257720
SBER;60;04/04/24;130000;305.87;306.05;305.35;305.37;1589030
SBER;60;04/04/24;140000;305.36;305.49;304.55;305.01;2605100
SBER;60;04/04/24;150000;305;305.29;304.8;304.89;1467420
SBER;60;04/04/24;160000;304.9;305.08;304.55;304.64;1163780
SBER;60;04/04/24;170000;304.64;305.49;304.59;305.35;1342860
SBER;60;04/04/24;180000;305.37;305.94;305.06;305.94;1307190
SBER;60;04/04/24;190000;305.88;305.88;305.5;305.55;748570
SBER;60;04/04/24;200000;305.53;305.6;305.33;305.42;333260
SBER;60;04/04/24;210000;305.42;305.5;305.03;305.03;683590
SBER;60;04/04/24;220000;305.03;305.28;304.36;304.57;1623810
SBER;60;04/04/24;230000;304.56;304.77;304.51;304.61;557010
SBER;60;05/04/24;100000;304.65;305.71;303.7;305.06;4220600
SBER;60;05/04/24;110000;305.01;306.5;304.73;306.19;2987170
SBER;60;05/04/24;120000;306.2;306.31;305.55;305.68;2279890
SBER;60;05/04/24;130000;305.69;306.1;305.5;305.64;1408070
SBER;60;05/04/24;140000;305.65;306;305.4;305.9;1173400
SBER;60;05/04/24;150000;305.93;306.06;305.4;306.06;968120
SBER;60;05/04/24;160000;306.06;306.06;305.66;305.67;829040
SBER;60;05/04/24;170000;305.67;306.18;305.66;306;1787000
SBER;60;05/04/24;180000;305.99;306.1;305.7;305.7;963320
SBER;60;05/04/24;190000;305.7;306.1;305.7;306.1;452090
SBER;60;05/04/24;200000;306.09;306.32;306;306.31;541170
SBER;60;05/04/24;210000;306.31;306.31;305.99;306.07;744690
SBER;60;05/04/24;220000;306.07;306.12;305.94;305.98;407170
SBER;60;05/04/24;230000;305.99;306.1;305.98;306.1;553340
SBER;60;08/04/24;100000;306.5;308.6;306.22;307.79;9244620
SBER;60;08/04/24;110000;307.78;307.79;307.01;307.31;3173850
SBER;60;08/04/24;120000;307.31;308;307;307.81;2337870
SBER;60;08/04/24;130000;307.81;307.81;307.15;307.18;1223750
SBER;60;08/04/24;140000;307.23;307.28;306.55;306.57;1671820
SBER;60;08/04/24;150000;306.56;307.14;306.33;307.01;2437280
SBER;60;08/04/24;160000;307;307.4;306.93;307.35;675330
SBER;60;08/04/24;170000;307.36;307.45;307.06;307.3;693600
SBER;60;08/04/24;180000;307.29;307.38;306.9;306.92;1083390
SBER;60;08/04/24;190000;307.29;307.29;306.94;307.26;449740
SBER;60;08/04/24;200000;307.26;307.3;307.07;307.2;453560
SBER;60;08/04/24;210000;307.21;307.65;307.21;307.49;462240
SBER;60;08/04/24;220000;307.49;307.85;307.36;307.85;535910
SBER;60;08/04/24;230000;307.85;307.9;307.57;307.75;373900
SBER;60;09/04/24;100000;308.1;309.35;307.66;308.83;8046350
SBER;60;09/04/24;110000;308.83;309.08;308.27;308.55;2812760
SBER;60;09/04/24;120000;308.55;308.55;307.7;308.35;3078270
SBER;60;09/04/24;130000;308.36;308.67;308.05;308.2;1331010
SBER;60;09/04/24;140000;308.2;308.29;307.02;307.04;2871380
SBER;60;09/04/24;150000;307.04;307.27;305.51;306.69;6535110
SBER;60;09/04/24;160000;306.64;307.31;306.4;307.12;1807380
SBER;60;09/04/24;170000;307.11;307.45;306.55;307.1;1286940
SBER;60;09/04/24;180000;307.1;307.46;306.52;307.03;2070160
SBER;60;09/04/24;190000;307.03;307.12;306.5;306.73;641500
SBER;60;09/04/24;200000;306.72;306.88;306.52;306.8;367680
SBER;60;09/04/24;210000;306.8;307.24;306.79;307.01;313590
SBER;60;09/04/24;220000;307;307.09;306.9;307.09;235300
SBER;60;09/04/24;230000;307.09;307.09;306.52;306.76;563170
SBER;60;10/04/24;100000;306.76;307.14;304.62;305.24;6297230
SBER;60;10/04/24;110000;305.22;305.8;305.22;305.49;1434380
SBER;60;10/04/24;120000;305.49;306.29;305.48;305.98;1548610
SBER;60;10/04/24;130000;305.98;306.96;305.98;306.81;1814680
SBER;60;10/04/24;140000;306.81;307.1;306.61;306.81;1837400
SBER;60;10/04/24;150000;306.8;307.04;306.5;306.61;1466080
SBER;60;10/04/24;160000;306.61;306.8;306.42;306.69;960550
SBER;60;10/04/24;170000;306.69;306.96;305.66;306.54;2171790
SBER;60;10/04/24;180000;306.51;306.89;306.42;306.89;921710
SBER;60;10/04/24;190000;306.89;306.89;306.21;306.59;549300
SBER;60;10/04/24;200000;306.59;306.76;306.55;306.59;529660
SBER;60;10/04/24;210000;306.59;306.69;306.46;306.57;453490
SBER;60;10/04/24;220000;306.57;306.63;306.34;306.59;383350
SBER;60;10/04/24;230000;306.58;306.6;306.37;306.48;249830
SBER;60;11/04/24;100000;306.64;307.81;306;306.85;4510230
SBER;60;11/04/24;110000;306.84;306.84;306.05;306.2;1689640
SBER;60;11/04/24;120000;306.19;306.28;305.89;306.03;1513590
SBER;60;11/04/24;130000;306.03;306.78;305.95;306.17;1920440
SBER;60;11/04/24;140000;306.22;306.36;305.7;305.75;1224760
SBER;60;11/04/24;150000;305.75;306.54;305.7;306.54;1394070
SBER;60;11/04/24;160000;306.55;307.34;306.39;307.05;1901490
SBER;60;11/04/24;170000;307.06;308;307.04;307.72;3099830
SBER;60;11/04/24;180000;307.71;307.95;306.81;307.33;1810520
SBER;60;11/04/24;190000;307.32;307.32;306.8;307.05;449440
SBER;60;11/04/24;200000;307.05;307.19;306.92;307.13;159660
SBER;60;11/04/24;210000;307.14;307.15;306.64;306.9;404780
SBER;60;11/04/24;220000;306.9;307.13;306.84;306.84;195880
SBER;60;11/04/24;230000;306.84;306.96;306.75;306.95;237430
SBER;60;12/04/24;100000;307.41;307.87;306.52;306.94;2224000
SBER;60;12/04/24;110000;306.94;307.21;306.3;306.53;1602770
SBER;60;12/04/24;120000;306.53;307.35;306.45;306.74;1450380
SBER;60;12/04/24;130000;306.74;307.1;306.55;307.05;935380
SBER;60;12/04/24;140000;307.07;307.32;306.73;307.12;879050
SBER;60;12/04/24;150000;307.12;307.19;306.66;306.8;1089560
SBER;60;12/04/24;160000;306.8;307.2;306.78;307.2;1729350
SBER;60;12/04/24;170000;307.2;307.85;307.16;307.29;2000350
SBER;60;12/04/24;180000;307.29;307.35;306.71;306.8;1402080
SBER;60;12/04/24;190000;306.8;307.1;306.77;307.02;488110
SBER;60;12/04/24;200000;307.02;307.06;306.8;307.03;524110
SBER;60;12/04/24;210000;307.04;307.1;306.89;307.01;635910
SBER;60;12/04/24;220000;307.06;307.07;306.95;306.99;616810
SBER;60;12/04/24;230000;307;307.2;306.99;307.1;423350
SBER;60;15/04/24;100000;307.4;308.39;307.2;307.71;4465570
SBER;60;15/04/24;110000;307.72;308.09;307.62;307.99;1538770
SBER;60;15/04/24;120000;307.98;308.15;307.9;307.99;1336860
SBER;60;15/04/24;130000;308;308;307.6;307.63;1194190
SBER;60;15/04/24;140000;307.63;307.7;307;307.12;2119920
SBER;60;15/04/24;150000;307.08;307.34;306.64;307.29;3240230
SBER;60;15/04/24;160000;307.29;307.59;307;307.12;1159760
SBER;60;15/04/24;170000;307.12;307.5;306.94;307.5;1832290
SBER;60;15/04/24;180000;307.49;308;307.48;308;1606370
SBER;60;15/04/24;190000;307.95;307.95;307.52;307.84;376620
SBER;60;15/04/24;200000;307.85;308;307.32;307.73;794680
SBER;60;15/04/24;210000;307.72;308.05;307.71;307.98;561090
SBER;60;15/04/24;220000;307.98;308;307.78;307.78;271320
SBER;60;15/04/24;230000;307.78;307.99;307.77;307.99;213940
SBER;60;16/04/24;100000;308;308.65;307.54;307.85;3657020
SBER;60;16/04/24;110000;307.86;307.99;307;307.37;2510990
SBER;60;16/04/24;120000;307.4;307.68;307;307.59;1137590
SBER;60;16/04/24;130000;307.6;307.62;307.25;307.45;823160
SBER;60;16/04/24;140000;307.46;307.6;307;307.2;1698700
SBER;60;16/04/24;150000;307.22;307.75;307.15;307.2;1057410
SBER;60;16/04/24;160000;307.2;308.09;307.15;308.09;1460410
SBER;60;16/04/24;170000;308.09;308.41;307.93;308.15;1867270
SBER;60;16/04/24;180000;308.1;308.38;307.97;307.97;995250
SBER;60;16/04/24;190000;308.07;308.3;307.75;307.92;477250
SBER;60;16/04/24;200000;307.92;308.3;307.91;308.14;611050
SBER;60;16/04/24;210000;308.2;308.2;308.03;308.14;206470
SBER;60;16/04/24;220000;308.14;308.26;308.06;308.19;340350
SBER;60;16/04/24;230000;308.19;308.3;308.15;308.29;187790
SBER;60;17/04/24;100000;308.64;309.74;308.51;308.95;5188750
SBER;60;17/04/24;110000;308.94;309.19;308.21;308.3;2140710
SBER;60;17/04/24;120000;308.3;308.56;307.23;307.4;3667960
SBER;60;17/04/24;130000;307.4;307.8;307;307.51;2286400
SBER;60;17/04/24;140000;307.51;307.59;306.5;306.52;3019980
SBER;60;17/04/24;150000;306.52;307.2;305.91;307.1;5330400
SBER;60;17/04/24;160000;307.1;307.22;306.69;306.84;1461040
SBER;60;17/04/24;170000;306.84;306.9;306.41;306.78;1103210
SBER;60;17/04/24;180000;306.77;307.08;306.43;306.43;1731570
SBER;60;17/04/24;190000;306.38;306.89;306.18;306.67;1028910
SBER;60;17/04/24;200000;306.69;306.91;306.61;306.85;269750
SBER;60;17/04/24;210000;306.87;306.95;306.69;306.71;207990
SBER;60;17/04/24;220000;306.71;306.78;306.52;306.6;251190
SBER;60;17/04/24;230000;306.65;306.72;306.51;306.59;382460
SBER;60;18/04/24;100000;306.02;306.69;305.05;306.59;4018010
SBER;60;18/04/24;110000;306.58;307.74;306.39;307.3;2749440
SBER;60;18/04/24;120000;307.3;307.87;307.3;307.72;1363210
SBER;60;18/04/24;130000;307.7;307.75;306.9;306.95;1484920
SBER;60;18/04/24;140000;306.99;307.21;306.8;306.9;970220
SBER;60;18/04/24;150000;306.89;307.41;306.85;307.36;1495180
SBER;60;18/04/24;160000;307.36;307.75;307.35;307.74;3573680
SBER;60;18/04/24;170000;307.74;307.95;307.66;307.9;1026700
SBER;60;18/04/24;180000;307.9;308.26;307.89;308.16;1838720
SBER;60;18/04/24;190000;308.14;308.29;307.9;308.06;406400
SBER;60;18/04/24;200000;308.06;308.27;308;308;744200
SBER;60;18/04/24;210000;308;308;307.75;307.96;227000
SBER;60;18/04/24;220000;307.96;308;307.84;307.96;171500
SBER;60;18/04/24;230000;307.96;308.07;307.84;307.99;227320
SBER;60;19/04/24;100000;308.02;308.38;307.25;307.58;2069490
SBER;60;19/04/24;110000;307.59;307.73;307.45;307.67;864710
SBER;60;19/04/24;120000;307.66;307.67;306.91;307.16;1722690
SBER;60;19/04/24;130000;307.16;307.26;306.81;307.08;1681980
SBER;60;19/04/24;140000;307.05;307.1;306.8;307.01;1168020
SBER;60;19/04/24;150000;307;307.7;306.83;307.57;1592570
SBER;60;19/04/24;160000;307.58;307.69;307.4;307.52;959810
SBER;60;19/04/24;170000;307.55;307.99;307.54;307.99;1340500
SBER;60;19/04/24;180000;307.99;308.09;307.44;307.9;862080
SBER;60;19/04/24;190000;307.9;307.98;307.69;307.74;329340
SBER;60;19/04/24;200000;307.74;307.99;307.69;307.88;456690
SBER;60;19/04/24;210000;307.89;307.92;307.5;307.81;624480
SBER;60;19/04/24;220000;307.81;307.91;307.66;307.75;320900
SBER;60;19/04/24;230000;307.76;307.76;307.37;307.38;569990
SBER;60;22/04/24;100000;307.99;309.2;307.6;307.86;4570040
SBER;60;22/04/24;110000;307.86;308.34;307.85;308.06;1484560
SBER;60;22/04/24;120000;308.06;308.42;307.9;307.91;1520190
SBER;60;22/04/24;130000;307.91;308.08;307.52;307.99;1262950
SBER;60;22/04/24;140000;308;308.05;307.5;307.79;885960
SBER;60;22/04/24;150000;307.79;307.84;307.39;307.39;914540
SBER;60;22/04/24;160000;307.39;307.64;307.38;307.56;877760
SBER;60;22/04/24;170000;307.6;313.9;307.56;312.05;31840000
SBER;60;22/04/24;180000;312.05;313.5;312.05;313.3;9752340
SBER;60;22/04/24;190000;313.4;313.8;312.7;313.04;3895150
SBER;60;22/04/24;200000;313.02;313.74;313;313.6;1948200
SBER;60;22/04/24;210000;313.6;314.78;313.56;314.36;4940560
SBER;60;22/04/24;220000;314.36;314.59;314.08;314.2;2139620
SBER;60;22/04/24;230000;314.2;315;314.13;314.99;2884630
SBER;60;23/04/24;100000;315.3;315.79;313.21;313.9;11426420
SBER;60;23/04/24;110000;313.87;314.24;313.8;314.11;3957150
SBER;60;23/04/24;120000;314.11;315.26;310.12;311.5;31426590
SBER;60;23/04/24;130000;311.5;311.5;309.2;311.31;12226890
SBER;60;23/04/24;140000;311.31;311.32;309.64;309.88;5656350
SBER;60;23/04/24;150000;309.89;310.2;308.55;308.79;6740000
SBER;60;23/04/24;160000;308.75;309.14;308.01;308.71;5649600
SBER;60;23/04/24;170000;308.71;309.49;308.61;309.26;2934080
SBER;60;23/04/24;180000;309.26;309.35;308.3;308.3;2760210
SBER;60;23/04/24;190000;308.3;309.03;308.3;309.03;1138460
SBER;60;23/04/24;200000;309.03;309.07;308.31;308.63;1110750
SBER;60;23/04/24;210000;308.63;308.95;308.59;308.84;684510
SBER;60;23/04/24;220000;308.86;308.86;306.65;306.99;4619010
SBER;60;23/04/24;230000;306.98;307.85;306.26;307.39;2276870
SBER;60;24/04/24;100000;307.52;309.5;306.65;309.2;7835320
SBER;60;24/04/24;110000;309.2;309.79;307.76;308.14;5019660
SBER;60;24/04/24;120000;308.14;308.26;307.51;308.15;2597340
SBER;60;24/04/24;130000;308.2;308.62;307.62;308.05;1589250
SBER;60;24/04/24;140000;308.05;309.57;307.75;309.17;2664910
SBER;60;24/04/24;150000;309.17;309.6;308.02;308.13;1692480
SBER;60;24/04/24;160000;308.14;308.78;308.13;308.61;1278210
SBER;60;24/04/24;170000;308.61;308.69;308;308.17;1306120
SBER;60;24/04/24;180000;308.19;308.27;307.75;307.86;908440
SBER;60;24/04/24;190000;308.28;308.29;307.91;308.1;254530
SBER;60;24/04/24;200000;308.1;308.43;308;308.42;378820
SBER;60;24/04/24;210000;308.42;308.43;307.8;307.9;502240
SBER;60;24/04/24;220000;307.91;308.1;307.75;308;208530
SBER;60;24/04/24;230000;307.99;308.08;307.9;307.94;280120
SBER;60;25/04/24;100000;307.96;308.69;307.5;307.52;3015070
SBER;60;25/04/24;110000;307.52;309.07;307.45;308.79;2867700
SBER;60;25/04/24;120000;308.79;308.86;308.19;308.31;1389500
SBER;60;25/04/24;130000;308.31;308.69;308.23;308.4;1208600
SBER;60;25/04/24;140000;308.42;308.89;308.07;308.1;1082890
SBER;60;25/04/24;150000;308.11;308.4;308.01;308.19;976220
SBER;60;25/04/24;160000;308.2;308.49;307.97;308.01;1945780
SBER;60;25/04/24;170000;308.01;308.59;308;308.5;1256390
SBER;60;25/04/24;180000;308.5;308.67;308.4;308.4;944280
SBER;60;25/04/24;190000;308.4;308.85;308.19;308.44;403630
SBER;60;25/04/24;200000;308.44;308.61;308.23;308.41;261380
SBER;60;25/04/24;210000;308.37;308.54;308.27;308.46;218010
SBER;60;25/04/24;220000;308.47;308.5;308.29;308.46;147170
SBER;60;25/04/24;230000;308.46;308.49;308.39;308.41;218370
SBER;60;26/04/24;100000;308.5;309.5;308;309.48;3187670
SBER;60;26/04/24;110000;309.5;309.9;309.29;309.72;2894580
SBER;60;26/04/24;120000;309.72;309.8;309.2;309.31;1994090
SBER;60;26/04/24;130000;309.33;309.45;308.57;308.84;2044350
SBER;60;26/04/24;140000;308.84;309.15;308.45;308.53;2695350
SBER;60;26/04/24;150000;308.53;309.39;308.52;308.91;2008260
SBER;60;26/04/24;160000;308.91;309.3;308.76;309.22;952440
SBER;60;26/04/24;170000;309.22;309.77;309.22;309.68;1905510
SBER;60;26/04/24;180000;309.69;309.79;309.15;309.15;1475900
SBER;60;26/04/24;190000;309.01;309.8;309.01;309.68;679150
SBER;60;26/04/24;200000;309.7;309.7;309.34;309.38;239110
SBER;60;26/04/24;210000;309.37;309.49;309.34;309.44;173930
SBER;60;26/04/24;220000;309.39;309.49;309.26;309.38;365490
SBER;60;26/04/24;230000;309.39;309.4;308.89;309;510880
SBER;60;27/04/24;100000;309.2;309.5;309;309.43;1738190
SBER;60;27/04/24;110000;309.43;309.99;309.25;309.63;1862560
SBER;60;27/04/24;120000;309.63;309.7;309.31;309.32;1178870
SBER;60;27/04/24;130000;309.33;309.69;309.32;309.68;925970
SBER;60;27/04/24;140000;309.68;309.72;309.37;309.51;512720
SBER;60;27/04/24;150000;309.51;309.52;309;309.19;965070
SBER;60;27/04/24;160000;309.18;309.44;308.76;308.92;1441270
SBER;60;27/04/24;170000;308.92;309.49;308.92;309.3;1191860
SBER;60;27/04/24;180000;309.29;309.47;308.99;309.47;1064980
SBER;60;27/04/24;190000;309.11;309.41;309.01;309.19;387750
SBER;60;27/04/24;200000;309.18;309.2;309;309.08;403540
SBER;60;27/04/24;210000;309.09;309.11;308.98;309.05;423200
SBER;60;27/04/24;220000;309.04;309.17;308.8;308.91;460830
SBER;60;27/04/24;230000;308.92;309;308.7;308.98;533090
SBER;60;29/04/24;100000;309.13;309.6;309.02;309.21;1088080
SBER;60;29/04/24;110000;309.21;309.25;308.11;308.28;1883100
SBER;60;29/04/24;120000;308.28;308.31;307.65;308.31;1674280
SBER;60;29/04/24;130000;308.31;308.45;308.01;308.35;832660
SBER;60;29/04/24;140000;308.35;308.35;308.03;308.26;693230
SBER;60;29/04/24;150000;308.25;308.35;308.03;308.12;575430
SBER;60;29/04/24;160000;308.12;308.29;308.02;308.29;502690
SBER;60;29/04/24;170000;308.29;308.35;308.13;308.28;593660
SBER;60;29/04/24;180000;308.28;308.4;308.27;308.38;593270
SBER;60;29/04/24;190000;308.65;308.67;308.29;308.52;278050
SBER;60;29/04/24;200000;308.52;308.69;308.39;308.53;260750
SBER;60;29/04/24;210000;308.53;308.68;308.32;308.45;227440
SBER;60;29/04/24;220000;308.44;309.11;308.32;308.94;631780
SBER;60;29/04/24;230000;308.94;309;308.74;308.97;170490
SBER;60;30/04/24;100000;309.19;309.49;308.45;308.6;1225120
SBER;60;30/04/24;110000;308.6;308.61;308.03;308.23;1177410
SBER;60;30/04/24;120000;308.23;308.5;308.1;308.44;323200
SBER;60;30/04/24;130000;308.44;308.44;308.2;308.25;318280
SBER;60;30/04/24;140000;308.26;308.37;308.11;308.11;319690
SBER;60;30/04/24;150000;308.11;308.21;308.04;308.14;499610
SBER;60;30/04/24;160000;308.14;308.25;308.07;308.11;337440
SBER;60;30/04/24;170000;308.11;308.59;308.07;308.57;480290
SBER;60;30/04/24;180000;308.57;308.68;308.43;308.43;508320
SBER;60;30/04/24;190000;308.51;308.7;308.42;308.5;180090
SBER;60;30/04/24;200000;308.49;308.56;308.4;308.42;111950
SBER;60;30/04/24;210000;308.4;308.5;308.34;308.34;85240
SBER;60;30/04/24;220000;308.35;308.5;308.32;308.44;157670
SBER;60;30/04/24;230000;308.45;308.5;308.11;308.24;244980
SBER;60;02/05/24;100000;308.71;309.19;308.25;308.39;1780620
SBER;60;02/05/24;110000;308.39;308.49;308.3;308.44;695220
SBER;60;02/05/24;120000;308.43;308.45;308.14;308.14;1320470
SBER;60;02/05/24;130000;308.14;308.46;307.8;308.27;2075100
SBER;60;02/05/24;140000;308.28;308.45;308.17;308.19;796920
SBER;60;02/05/24;150000;308.18;308.23;308.01;308.01;688070
SBER;60;02/05/24;160000;308.01;308.05;307.1;307.92;3578520
SBER;60;02/05/24;170000;307.91;307.92;307.34;307.35;1747980
SBER;60;02/05/24;180000;307.36;307.43;306.8;307.1;2094010
SBER;60;02/05/24;190000;307.1;307.52;307;307.32;452120
SBER;60;02/05/24;200000;307.33;307.63;307.3;307.63;290850
SBER;60;02/05/24;210000;307.63;307.63;307.35;307.41;156590
SBER;60;02/05/24;220000;307.4;307.73;307.33;307.44;363480
SBER;60;02/05/24;230000;307.43;307.43;307.32;307.37;206490
SBER;60;03/05/24;100000;307.16;307.71;306.3;306.35;3514660
SBER;60;03/05/24;110000;306.35;306.71;304.34;304.75;8819090
SBER;60;03/05/24;120000;304.74;305.8;304.6;305.7;2443020
SBER;60;03/05/24;130000;305.71;306.41;305.5;306.2;1867170
SBER;60;03/05/24;140000;306.2;306.78;306.19;306.74;1228370
SBER;60;03/05/24;150000;306.76;307.22;306.76;307.22;2101550
SBER;60;03/05/24;160000;307.22;307.9;307.09;307.72;2681700
SBER;60;03/05/24;170000;307.72;307.98;307.48;307.94;2022620
SBER;60;03/05/24;180000;307.94;307.99;307.39;307.84;1394950
SBER;60;03/05/24;190000;307.84;308.29;307.48;307.5;1055220
SBER;60;03/05/24;200000;307.52;307.93;307.31;307.63;988210
SBER;60;03/05/24;210000;307.62;307.92;307.6;307.8;849570
SBER;60;03/05/24;220000;307.81;307.87;307.65;307.72;964960
SBER;60;03/05/24;230000;307.73;307.78;307.45;307.53;509700
SBER;60;06/05/24;100000;308.08;308.09;307.03;307.64;3508800
SBER;60;06/05/24;110000;307.65;307.7;306.6;306.8;2437800
SBER;60;06/05/24;120000;306.81;307;306;306.69;2759740
SBER;60;06/05/24;130000;306.69;307.05;306.48;306.53;1500140
SBER;60;06/05/24;140000;306.53;306.95;306.2;306.6;1475160
SBER;60;06/05/24;150000;306.58;307.08;306.5;306.85;887040
SBER;60;06/05/24;160000;306.86;306.89;306.24;306.47;884680
SBER;60;06/05/24;170000;306.47;306.83;306.2;306.59;1441550
SBER;60;06/05/24;180000;306.62;306.97;306.38;306.97;1433010
SBER;60;06/05/24;190000;306.61;306.84;306.53;306.58;338920
SBER;60;06/05/24;200000;306.57;306.6;306.3;306.33;315870
SBER;60;06/05/24;210000;306.32;306.4;306.01;306.17;455090
SBER;60;06/05/24;220000;306.15;306.38;305.55;306.38;1314460
SBER;60;06/05/24;230000;306.37;306.38;305.92;306.01;348110
SBER;60;07/05/24;100000;306.25;307.61;306.21;307.25;4317590
SBER;60;07/05/24;110000;307.25;307.6;306.82;307.27;1215070
SBER;60;07/05/24;120000;307.27;307.39;306.68;307;794000
SBER;60;07/05/24;130000;307;307.35;306.97;307.1;394890
SBER;60;07/05/24;140000;307.09;307.3;306.87;307.2;612490
SBER;60;07/05/24;150000;307.2;307.48;307.19;307.48;711330
SBER;60;07/05/24;160000;307.48;308;307.47;307.99;2310190
SBER;60;07/05/24;170000;307.98;308.15;307.94;308.14;2081920
SBER;60;07/05/24;180000;308.14;308.39;308;308.39;2002980
SBER;60;07/05/24;190000;308.39;308.87;308.32;308.47;925380
SBER;60;07/05/24;200000;308.47;308.48;308.19;308.25;474000
SBER;60;07/05/24;210000;308.25;308.49;308.23;308.41;217060
SBER;60;07/05/24;220000;308.42;308.5;308.38;308.39;287630
SBER;60;07/05/24;230000;308.39;308.4;308.13;308.22;262000
SBER;60;08/05/24;100000;308.41;310.07;308.08;309.51;5463700
SBER;60;08/05/24;110000;309.51;311.83;309.5;311.22;11027080
SBER;60;08/05/24;120000;311.22;311.55;310.7;310.71;4591560
SBER;60;08/05/24;130000;310.72;311.28;310.2;311.26;3768490
SBER;60;08/05/24;140000;311.25;311.4;310.71;311.1;1512980
SBER;60;08/05/24;150000;311.1;311.6;311.08;311.11;2047120
SBER;60;08/05/24;160000;311.11;311.32;310.75;311.14;895430
SBER;60;08/05/24;170000;311.12;311.2;310.93;311.16;1536550
SBER;60;08/05/24;180000;311.15;311.16;310.83;310.9;969640
SBER;60;08/05/24;190000;311.45;311.45;310.8;311.05;606440
SBER;60;08/05/24;200000;311.04;311.16;310.86;310.99;359450
SBER;60;08/05/24;210000;310.94;311.13;310.93;311.12;256880
SBER;60;08/05/24;220000;311.12;311.29;311.08;311.25;282340
SBER;60;08/05/24;230000;311.25;311.34;311.02;311.21;557720
SBER;60;10/05/24;100000;311.49;313.47;311.31;312.78;5466110
SBER;60;10/05/24;110000;312.78;312.91;312.11;312.27;1008810
SBER;60;10/05/24;120000;312.26;312.97;312.17;312.93;1393920
SBER;60;10/05/24;130000;312.93;313.39;312.75;313.32;2689620
SBER;60;10/05/24;140000;313.31;313.4;312.72;313.08;1239660
SBER;60;10/05/24;150000;313.07;313.2;312.96;313.14;643190
SBER;60;10/05/24;160000;313.1;313.19;313.1;313.13;646530
SBER;60;10/05/24;170000;313.13;313.18;313.1;313.13;572670
SBER;60;10/05/24;180000;313.11;313.17;312.75;312.98;948980
SBER;60;10/05/24;190000;312.98;313.1;312.98;313.01;471810
SBER;60;10/05/24;200000;313.03;313.1;312.97;313.1;278370
SBER;60;10/05/24;210000;313.1;313.38;313.09;313.28;493490
SBER;60;10/05/24;220000;313.29;313.4;313.22;313.37;301670
SBER;60;10/05/24;230000;313.39;313.5;313.22;313.49;520870
SBER;60;13/05/24;100000;314.1;315.2;314.04;315;5306360
SBER;60;13/05/24;110000;315;315.7;314.85;315.17;3646680
SBER;60;13/05/24;120000;315.15;315.5;315.06;315.27;1662920
SBER;60;13/05/24;130000;315.28;315.39;314.51;314.7;2181510
SBER;60;13/05/24;140000;314.7;315.19;314.69;315.17;1299850
SBER;60;13/05/24;150000;315.17;315.18;314.5;314.95;1318140
SBER;60;13/05/24;160000;314.95;315;314.83;315;562350
SBER;60;13/05/24;170000;315;315.43;314.9;315.41;1478770
SBER;60;13/05/24;180000;315.4;315.51;315.01;315.01;1663090
SBER;60;13/05/24;190000;315.01;315.25;315;315.06;607340
SBER;60;13/05/24;200000;315.05;315.1;314.8;314.9;554740
SBER;60;13/05/24;210000;314.91;314.98;314.82;314.95;331650
SBER;60;13/05/24;220000;314.91;315;314.7;314.99;579180
SBER;60;13/05/24;230000;314.98;314.99;314.8;314.85;311340
SBER;60;14/05/24;100000;314.98;315.58;313.58;314.68;4564310
SBER;60;14/05/24;110000;314.69;314.78;314.05;314.58;1668610
SBER;60;14/05/24;120000;314.58;314.89;314.43;314.67;1223260
SBER;60;14/05/24;130000;314.66;314.66;314.23;314.47;1011120
SBER;60;14/05/24;140000;314.47;315.37;314.34;315.31;1524390
SBER;60;14/05/24;150000;315.31;316.66;315.31;316.19;6721570
SBER;60;14/05/24;160000;316.2;318;316.2;317.69;6755760
SBER;60;14/05/24;170000;317.68;318.24;317.28;317.33;5254390
SBER;60;14/05/24;180000;317.32;318.25;317.26;318.1;3191090
SBER;60;14/05/24;190000;318.1;318.41;317.89;317.92;1340380
SBER;60;14/05/24;200000;317.93;318.08;317.51;318.01;724580
SBER;60;14/05/24;210000;318.01;318.13;317.81;318.01;337350
SBER;60;14/05/24;220000;318.01;318.18;317.85;318.1;392130
SBER;60;14/05/24;230000;318.1;318.3;317.92;318.12;472580
SBER;60;15/05/24;100000;318.2;320;317.7;319.8;9255690
SBER;60;15/05/24;110000;319.8;319.87;319.26;319.26;2743240
SBER;60;15/05/24;120000;319.26;320.16;319.2;319.7;3111400
SBER;60;15/05/24;130000;319.7;319.89;319.4;319.4;2452880
SBER;60;15/05/24;140000;319.41;319.44;319;319.33;2282930
SBER;60;15/05/24;150000;319.34;319.38;318.9;318.93;1278030
SBER;60;15/05/24;160000;318.92;319.85;318.9;319.7;1716230
SBER;60;15/05/24;170000;319.71;319.95;319.7;319.94;1458910
SBER;60;15/05/24;180000;319.95;320;319.75;320;1673490
SBER;60;15/05/24;190000;319.51;319.85;319.35;319.54;847730
SBER;60;15/05/24;200000;319.54;319.78;319.5;319.54;387400
SBER;60;15/05/24;210000;319.54;319.75;319.52;319.71;290490
SBER;60;15/05/24;220000;319.7;319.75;319.52;319.64;409160
SBER;60;15/05/24;230000;319.64;319.75;319.58;319.7;288380
SBER;60;16/05/24;100000;320.01;321;320;320.69;4370420
SBER;60;16/05/24;110000;320.69;320.9;320.59;320.64;1834820
SBER;60;16/05/24;120000;320.66;320.66;320.5;320.52;2511070
SBER;60;16/05/24;130000;320.51;320.6;320.5;320.6;1088180
SBER;60;16/05/24;140000;320.52;320.94;320.5;320.94;1180330
SBER;60;16/05/24;150000;320.91;321.9;320.9;321.75;3744390
SBER;60;16/05/24;160000;321.75;322.7;321.75;322.69;5347130
SBER;60;16/05/24;170000;322.69;322.89;322.07;322.07;2751310
SBER;60;16/05/24;180000;322.1;322.18;321.7;322.18;1654860
SBER;60;16/05/24;190000;322.18;322.58;321.58;322.46;987130
SBER;60;16/05/24;200000;322.48;322.59;322.38;322.39;452460
SBER;60;16/05/24;210000;322.4;322.74;322.23;322.64;649190
SBER;60;16/05/24;220000;322.64;322.7;322.44;322.6;589930
SBER;60;16/05/24;230000;322.6;322.91;322.58;322.91;628900
SBER;60;17/05/24;100000;322.95;322.95;321.7;321.77;4454750
SBER;60;17/05/24;110000;321.77;321.92;320.02;320.89;5081750
SBER;60;17/05/24;120000;320.88;321.49;320.69;321.41;1109420
SBER;60;17/05/24;130000;321.41;321.99;321.28;321.99;998740
SBER;60;17/05/24;140000;321.98;322.65;321.84;322.62;2101570
SBER;60;17/05/24;150000;322.63;322.71;322.2;322.63;1479830
SBER;60;17/05/24;160000;322.64;322.84;322.32;322.72;1561470
SBER;60;17/05/24;170000;322.7;323.3;322.46;323.3;2595050
SBER;60;17/05/24;180000;323.3;323.5;322.82;322.96;1918480
SBER;60;17/05/24;190000;323.25;323.25;322.29;322.29;771650
SBER;60;17/05/24;200000;322.3;322.78;322.23;322.71;513680
SBER;60;17/05/24;210000;322.72;322.99;322.49;322.75;640170
SBER;60;17/05/24;220000;322.76;322.84;322.5;322.84;360360
SBER;60;17/05/24;230000;322.83;323.23;322.7;323.16;734430
SBER;60;20/05/24;100000;324;324.85;322.3;322.31;6286120
SBER;60;20/05/24;110000;322.31;323.1;321.5;321.69;5282730
SBER;60;20/05/24;120000;321.68;322.14;321.2;321.2;3765100
SBER;60;20/05/24;130000;321.2;322.14;321;321.39;3231920
SBER;60;20/05/24;140000;321.39;322.76;321.38;321.53;2658160
SBER;60;20/05/24;150000;321.53;321.71;320.52;320.74;3454510
SBER;60;20/05/24;160000;320.75;321.41;320.5;321.39;2830310
SBER;60;20/05/24;170000;321.39;321.64;320.81;321.4;1043450
SBER;60;20/05/24;180000;321.4;321.41;320.71;320.94;1426060
SBER;60;20/05/24;190000;321.7;321.75;318.94;320.89;3791700
SBER;60;20/05/24;200000;320.89;321.17;320.2;320.73;891360
SBER;60;20/05/24;210000;320.72;321.5;320.5;321.11;999770
SBER;60;20/05/24;220000;321.15;321.19;320.31;320.87;621320
SBER;60;20/05/24;230000;320.83;321.17;320.82;321.08;264540
SBER;60;21/05/24;100000;320.89;322.23;320.38;321.13;3247560
SBER;60;21/05/24;110000;321.14;322.2;320.4;320.68;2721900
SBER;60;21/05/24;120000;320.68;320.69;319.2;319.99;4677600
SBER;60;21/05/24;130000;320;320.37;319;319.98;3524050
SBER;60;21/05/24;140000;319.98;320.45;319.48;319.49;2215060
SBER;60;21/05/24;150000;319.49;319.51;319;319;2741290
SBER;60;21/05/24;160000;319.01;319.02;318;318.58;7402450
SBER;60;21/05/24;170000;318.58;320.62;318.29;320.32;3561240
SBER;60;21/05/24;180000;320.32;320.5;319.52;319.8;1340860
SBER;60;21/05/24;190000;319.8;320.22;319.25;320.13;1103510
SBER;60;21/05/24;200000;320.13;320.5;320.01;320.38;429170
SBER;60;21/05/24;210000;320.38;320.55;320.04;320.1;432750
SBER;60;21/05/24;220000;320.05;320.49;320.01;320.29;220850
SBER;60;21/05/24;230000;320.27;320.7;320.22;320.64;380970
SBER;60;22/05/24;100000;320.84;322.74;320.84;321.82;4256020
SBER;60;22/05/24;110000;321.82;322.6;321.77;322.53;1840840
SBER;60;22/05/24;120000;322.54;322.7;322.24;322.6;1376270
SBER;60;22/05/24;130000;322.6;322.62;321.8;321.88;1773280
SBER;60;22/05/24;140000;321.93;322.4;321.81;322.25;1156360
SBER;60;22/05/24;150000;322.25;322.35;322;322.05;951940
SBER;60;22/05/24;160000;322.05;322.32;321.98;322.22;1373520
SBER;60;22/05/24;170000;322.21;322.9;322.17;322.6;1978750
SBER;60;22/05/24;180000;322.61;323.1;322.59;322.86;1903050
SBER;60;22/05/24;190000;322.89;323.08;322.62;322.9;684350
SBER;60;22/05/24;200000;322.9;323.09;322.78;322.89;614860
SBER;60;22/05/24;210000;322.89;322.96;322.44;322.65;290630
SBER;60;22/05/24;220000;322.61;322.8;322.51;322.79;170180
SBER;60;22/05/24;230000;322.79;323;322.72;322.93;265300
SBER;60;23/05/24;100000;322.8;322.92;321.23;322.6;2693890
SBER;60;23/05/24;110000;322.59;322.6;321.5;321.94;2205910
SBER;60;23/05/24;120000;321.93;322.6;321.59;322.06;1258880
SBER;60;23/05/24;130000;322.06;322.51;321.8;321.86;830380
SBER;60;23/05/24;140000;321.9;322.3;321.77;322.07;620680
SBER;60;23/05/24;150000;322.06;322.73;322.06;322.7;954850
SBER;60;23/05/24;160000;322.7;323.93;322.68;323.75;4559270
SBER;60;23/05/24;170000;323.75;323.84;323.48;323.84;1161500
SBER;60;23/05/24;180000;323.83;324;323.83;323.9;1719010
SBER;60;23/05/24;190000;323.9;323.96;323.22;323.68;576570
SBER;60;23/05/24;200000;323.69;323.72;323.35;323.45;230980
SBER;60;23/05/24;210000;323.45;323.9;323.35;323.84;247860
SBER;60;23/05/24;220000;323.85;323.92;323.56;323.62;394390
SBER;60;23/05/24;230000;323.58;323.82;323.4;323.54;381420
SBER;60;24/05/24;100000;323.83;324.48;322.58;322.98;3320000
SBER;60;24/05/24;110000;322.98;323.45;322.2;322.52;1768820
SBER;60;24/05/24;120000;322.52;323.09;322.3;322.89;1341760
SBER;60;24/05/24;130000;322.9;322.9;321.7;322.11;2340920
SBER;60;24/05/24;140000;322.16;322.5;320.24;320.42;4623110
SBER;60;24/05/24;150000;320.42;321.51;319.78;320.66;4964910
SBER;60;24/05/24;160000;320.63;321.99;320.45;321.62;2395840
SBER;60;24/05/24;170000;321.63;321.91;320.47;321.4;2444060
SBER;60;24/05/24;180000;321.41;321.99;320.85;321.3;1229960
SBER;60;24/05/24;190000;321.6;321.66;320.9;321.2;574860
SBER;60;24/05/24;200000;321.21;321.41;321.11;321.18;277410
SBER;60;24/05/24;210000;321.19;321.72;321.17;321.49;382330
SBER;60;24/05/24;220000;321.5;321.56;321.15;321.33;398080
SBER;60;24/05/24;230000;321.33;321.34;320.98;321;491750
SBER;60;27/05/24;100000;321.08;321.95;319.12;320;5390820
SBER;60;27/05/24;110000;320;320.59;319;319.24;3230130
SBER;60;27/05/24;120000;319.28;319.51;318.04;318.78;3362140
SBER;60;27/05/24;130000;318.78;318.93;317.01;318.48;6177930
SBER;60;27/05/24;140000;318.49;320;318.39;319.34;2232380
SBER;60;27/05/24;150000;319.34;319.49;318.56;318.88;1484940
SBER;60;27/05/24;160000;318.88;320;318.53;318.83;3317260
SBER;60;27/05/24;170000;318.83;318.9;315.55;316;9571260
SBER;60;27/05/24;180000;316;317.46;315.54;316.44;4875330
SBER;60;27/05/24;190000;316.44;316.92;315.5;316.63;2292470
SBER;60;27/05/24;200000;316.6;317.53;316.57;317.52;1128900
SBER;60;27/05/24;210000;317.52;318.21;317.41;317.79;1199870
SBER;60;27/05/24;220000;317.74;317.79;317.3;317.38;724320
SBER;60;27/05/24;230000;317.34;317.5;317;317.09;691240
SBER;60;28/05/24;100000;317.49;319.89;315.82;319.88;7749730
SBER;60;28/05/24;110000;319.88;320.45;318.81;319.77;4141580
SBER;60;28/05/24;120000;319.76;320.2;319.39;319.79;2091320
SBER;60;28/05/24;130000;319.79;320.9;319.05;320.26;2474020
SBER;60;28/05/24;140000;320.26;320.26;320;320.1;1198810
SBER;60;28/05/24;150000;320.1;320.2;319.7;319.7;1419820
SBER;60;28/05/24;160000;319.7;320.2;319.27;319.4;1949040
SBER;60;28/05/24;170000;319.4;319.72;318.14;318.66;2752590
SBER;60;28/05/24;180000;318.65;319.3;317.78;317.78;1908100
SBER;60;28/05/24;190000;317.78;318.38;316.8;317;1855190
SBER;60;28/05/24;200000;317;317.88;316.86;317.6;639260
SBER;60;28/05/24;210000;317.6;318;317.47;317.54;535020
SBER;60;28/05/24;220000;317.52;318.47;317.01;318.1;782210
SBER;60;28/05/24;230000;318.1;318.59;318.1;318.22;651760
SBER;60;29/05/24;100000;318.4;318.78;315.92;316.89;5267330
SBER;60;29/05/24;110000;316.89;318.24;316.82;317.72;2411180
SBER;60;29/05/24;120000;317.72;317.85;317;317.6;763940
SBER;60;29/05/24;130000;317.6;317.9;317;317.71;980710
SBER;60;29/05/24;140000;317.7;317.89;316.83;316.91;897370
SBER;60;29/05/24;150000;316.9;317.47;316.49;317;1183260
SBER;60;29/05/24;160000;317;317.9;316.7;317.88;1393140
SBER;60;29/05/24;170000;317.87;318.59;317.08;318.49;3045910
SBER;60;29/05/24;180000;318.5;320.35;318.49;320.35;4282190
SBER;60;29/05/24;190000;320.07;320.4;319.61;319.7;914830
SBER;60;29/05/24;200000;319.7;320.24;319.6;319.94;926380
SBER;60;29/05/24;210000;319.96;320.09;319.72;319.79;331260
SBER;60;29/05/24;220000;319.78;320.05;319.71;319.92;241170
SBER;60;29/05/24;230000;319.93;320.4;319.89;320.38;323010
SBER;60;30/05/24;100000;320.91;321.55;320.51;320.72;3886940
SBER;60;30/05/24;110000;320.75;321;320.15;320.6;2330980
SBER;60;30/05/24;120000;320.6;320.99;320.16;320.18;813630
SBER;60;30/05/24;130000;320.18;320.23;319.35;319.79;1766450
SBER;60;30/05/24;140000;319.79;320.13;319.09;319.24;1285340
SBER;60;30/05/24;150000;319.25;320.2;318.86;318.87;1760370
SBER;60;30/05/24;160000;318.86;318.87;317.51;318.5;3094710
SBER;60;30/05/24;170000;318.5;318.57;317.22;317.24;1992470
SBER;60;30/05/24;180000;317.23;318;316.8;318;3125290
SBER;60;30/05/24;190000;317.5;317.87;317;317.18;1270170
SBER;60;30/05/24;200000;317.2;317.2;316;316.52;2287740
SBER;60;30/05/24;210000;316.51;317.18;316.48;316.7;1030720
SBER;60;30/05/24;220000;316.68;316.96;316.31;316.38;861360
SBER;60;30/05/24;230000;316.33;316.63;316;316.63;1425260
SBER;60;31/05/24;100000;316.5;318;315.1;316.11;6453460
SBER;60;31/05/24;110000;316.14;318.49;316.04;318.08;4023200
SBER;60;31/05/24;120000;318.11;318.27;317;317.2;1800130
SBER;60;31/05/24;130000;317.19;317.28;315.49;315.55;3305010
SBER;60;31/05/24;140000;315.55;317;315.4;316.68;3258210
SBER;60;31/05/24;150000;316.69;317.8;316.44;316.44;1574730
SBER;60;31/05/24;160000;316.45;317.36;316.22;316.22;1101410
SBER;60;31/05/24;170000;316.22;316.42;315.7;316.05;1669020
SBER;60;31/05/24;180000;316.06;316.15;314.15;314.48;4370650
SBER;60;31/05/24;190000;314.48;314.88;311.45;313.5;6535410
SBER;60;31/05/24;200000;313.5;313.5;310.8;311.69;4437540
SBER;60;31/05/24;210000;311.69;311.74;309.8;310.69;5010590
SBER;60;31/05/24;220000;310.69;313.76;310.51;312.42;3911690
SBER;60;31/05/24;230000;312.41;313.98;312.41;313.11;1684170
SBER;60;03/06/24;100000;313.5;315.5;310.81;311.99;7815710
SBER;60;03/06/24;110000;311.94;313.58;311.08;311.75;3925790
SBER;60;03/06/24;120000;311.74;311.76;309.9;310.76;6756030
SBER;60;03/06/24;130000;310.77;310.89;306.51;307.6;10971500
SBER;60;03/06/24;140000;307.6;308.5;305;306.29;11036530
SBER;60;03/06/24;150000;306.3;308.85;305.71;308.01;5833300
SBER;60;03/06/24;160000;308.01;309;307.19;307.9;4679680
SBER;60;03/06/24;170000;307.91;309.78;306.75;309.78;3729680
SBER;60;03/06/24;180000;309.78;310.27;308.95;310.27;3332320
SBER;60;03/06/24;190000;310.01;310.48;309.47;310.35;1104560
SBER;60;03/06/24;200000;310.33;310.65;309.85;310.45;744860
SBER;60;03/06/24;210000;310.46;310.49;309.9;310.32;574460
SBER;60;03/06/24;220000;310.33;310.44;309.81;309.87;507230
SBER;60;03/06/24;230000;309.86;311;309.85;310.95;744700
SBER;60;04/06/24;100000;310.97;313.04;309.81;312.06;5669700
SBER;60;04/06/24;110000;312.06;312.08;309.74;309.99;3141700
SBER;60;04/06/24;120000;309.99;311.75;308.8;311.08;3947230
SBER;60;04/06/24;130000;311.15;313.68;311.01;313.45;4475740
SBER;60;04/06/24;140000;313.42;313.6;312.51;313.21;2507710
SBER;60;04/06/24;150000;313.21;314.03;312.53;313.88;1979550
SBER;60;04/06/24;160000;313.88;314.11;313.5;313.81;1804520
SBER;60;04/06/24;170000;313.8;314.34;313.37;314.32;1919390
SBER;60;04/06/24;180000;314.32;315;314.02;314.02;2773790
SBER;60;04/06/24;190000;314;314.71;314;314.56;551070
SBER;60;04/06/24;200000;314.56;314.89;314.51;314.74;563740
SBER;60;04/06/24;210000;314.74;316.49;314.7;316.07;1806550
SBER;60;04/06/24;220000;316.08;316.42;316;316.25;1134140
SBER;60;04/06/24;230000;316.24;316.5;315.88;316.49;732930
SBER;60;05/06/24;100000;316.63;318.28;316.61;316.84;6476260
SBER;60;05/06/24;110000;316.83;317.46;316.56;316.61;2881660
SBER;60;05/06/24;120000;316.61;317.45;316.58;317.45;2090840
SBER;60;05/06/24;130000;317.45;317.9;316.97;317.26;2053990
SBER;60;05/06/24;140000;317.26;317.33;315.8;316.84;2886510
SBER;60;05/06/24;150000;316.84;316.92;315;315.8;3985750
SBER;60;05/06/24;160000;315.81;315.98;315.24;315.75;1220750
SBER;60;05/06/24;170000;315.74;316.35;315.53;316.16;1357900
SBER;60;05/06/24;180000;316.16;316.3;315.5;315.5;1049020
SBER;60;05/06/24;190000;315.66;315.98;315.35;315.5;591030
SBER;60;05/06/24;200000;315.5;315.53;313.85;313.95;1382090
SBER;60;05/06/24;210000;313.99;315.41;313.9;314.57;1079250
SBER;60;05/06/24;220000;314.57;314.84;313.96;314.75;521950
SBER;60;05/06/24;230000;314.76;314.9;314.57;314.72;192570
SBER;60;06/06/24;100000;314.7;315.58;313.25;315.49;3747240
SBER;60;06/06/24;110000;315.49;316.45;315.21;315.81;2657370
SBER;60;06/06/24;120000;315.82;316.07;315.25;315.57;1521090
SBER;60;06/06/24;130000;315.57;315.58;313.41;314.02;1863180
SBER;60;06/06/24;140000;314.04;314.33;312.87;314;2933960
SBER;60;06/06/24;150000;314.01;314.8;314;314.23;1049130
SBER;60;06/06/24;160000;314.23;314.61;313.69;313.94;1275760
SBER;60;06/06/24;170000;313.95;314;311.15;312.18;9132620
SBER;60;06/06/24;180000;312.19;312.93;312.18;312.7;1827740
SBER;60;06/06/24;190000;312.97;313.24;312.1;313.12;753860
SBER;60;06/06/24;200000;313.13;313.38;312.71;312.77;575810
SBER;60;06/06/24;210000;312.77;313.36;312.65;313.21;380780
SBER;60;06/06/24;220000;313.2;313.4;313.16;313.3;323120
SBER;60;06/06/24;230000;313.3;313.35;312.95;313.08;262940
SBER;60;07/06/24;100000;313.61;314.5;312.82;313.54;3569920
SBER;60;07/06/24;110000;313.54;314.3;312.73;314.29;1669560
SBER;60;07/06/24;120000;314.29;316;314.02;316;3328950
SBER;60;07/06/24;130000;316;320.55;315.24;319.43;16679930
SBER;60;07/06/24;140000;319.51;319.98;318.3;318.52;3793120
SBER;60;07/06/24;150000;318.52;319.24;317.5;319.08;3551450
SBER;60;07/06/24;160000;319.09;319.7;318.58;319.7;2401400
SBER;60;07/06/24;170000;319.7;319.7;319.36;319.63;1867190
SBER;60;07/06/24;180000;319.63;320.53;319.63;320.45;2998060
SBER;60;07/06/24;190000;320;320.45;319.01;319.35;1813410
SBER;60;07/06/24;200000;319.41;319.77;319.3;319.51;487000
SBER;60;07/06/24;210000;319.51;320.42;319.43;320.42;642980
SBER;60;07/06/24;220000;320.42;320.64;320.08;320.2;867120
SBER;60;07/06/24;230000;320.2;320.27;319.52;319.9;781650
SBER;60;10/06/24;100000;320.79;321.98;319.8;320.89;5915610
SBER;60;10/06/24;110000;320.89;321.06;319.53;320.43;2364320
SBER;60;10/06/24;120000;320.42;320.8;318.57;319.44;2606230
SBER;60;10/06/24;130000;319.45;319.71;319;319.28;834930
SBER;60;10/06/24;140000;319.29;319.66;318.5;318.74;1544330
SBER;60;10/06/24;150000;318.75;319.18;318.01;318.16;1596310
SBER;60;10/06/24;160000;318.16;319.45;318.15;319.37;1731360
SBER;60;10/06/24;170000;319.37;319.59;318.5;318.7;1162020
SBER;60;10/06/24;180000;318.71;318.93;317.19;317.25;3010110
SBER;60;10/06/24;190000;317.25;317.25;315.21;316.23;3570400
SBER;60;10/06/24;200000;316.25;317.09;316;316.85;544770
SBER;60;10/06/24;210000;316.85;317.66;316.81;317.48;651280
SBER;60;10/06/24;220000;317.47;317.62;317;317.31;396220
SBER;60;10/06/24;230000;317.3;317.47;317.17;317.28;343620
